Quantity	OpenSees
u3	1.3589781871e-03
v3	-4.2666666667e-04
u4	1.1288665024e-03
v4	-1.5572162051e-03
eps1	1.3884888313e-07
eps2	-1.4222222222e-07
eps3	-1.3214283331e-07
eps4	9.5736263238e-08
P_yield	105468.750000
P_buckle	1815.210445
